,ki.se,louisville.edu,manoa.hawaii.edu,mipt.ru,missouri.edu,mq.edu.au,puchd.ac.in,tulane.edu,ucsd.edu,uit.no,ujiapps.uji.es,unc.edu,unil.ch,uoregon.edu,ut.ac.ir,uwaterloo.ca,web.sapmed.ac.jp,www.aalto.fi,www.abdn.ac.uk,www.adelaide.edu.au,www.amc.edu/academic,www.anu.edu.au,www.aub.edu.lb,www.auckland.ac.nz,www.augusta.edu,www.auth.gr,www.bath.ac.uk,www.baylor.edu,www.berkeley.edu,www.bgsu.edu,www.binghamton.edu,www.bit.edu.cn,www.bnu.edu.cn,www.boku.ac.at,www.brown.edu,www.brunel.ac.uk,www.buaa.edu.cn,www.byu.edu,www.caltech.edu,www.canterbury.ac.nz,www.cardiff.ac.uk,www.carleton.ca,www.catholic.ac.kr,www.ccny.cuny.edu,www.chalmers.se,www.chiba-u.ac.jp,www.chula.ac.th,www.cityu.edu.hk,www.clemson.edu,www.cmu.edu,www.cnu.ac.kr,www.colorado.edu,www.colostate.edu,www.columbia.edu,www.cqu.edu.cn,www.cranfield.ac.uk,www.csu.edu.cn,www.cuhk.edu.hk,www.cuni.cz,www.dal.ca,www.dartmouth.edu,www.dlut.edu.cn,www.dtu.dk,www.duke.edu,www.ecu.edu,www.ecust.edu.cn,www.ed.ac.uk,www.ehu.es,www.emory.edu,www.epfl.ch,www.essex.ac.uk,www.ewha.ac.kr,www.exeter.ac.uk,www.fsu.edu,www.fu-berlin.de,www.fudan.edu.cn,www.georgetown.edu,www.gist.ac.kr,www.gnu.ac.kr,www.gu.se,www.gunma-u.ac.jp,www.hacettepe.edu.tr,www.harvard.edu,www.hi.is,www.hkbu.edu.hk,www.hu-berlin.de,www.hust.edu.cn,www.iastate.edu,www.iisc.ernet.in,www.iitr.ac.in,www.illinois.edu,www.istanbul.edu.tr,www.itu.edu.tr,www.iub.edu,www.jhu.edu,www.jichi.ac.jp,www.jncasr.ac.in,www.kagoshima-u.ac.jp,www.kaist.ac.kr,www.kanazawa-u.ac.jp,www.kangwon.ac.kr,www.kaust.edu.sa,www.keele.ac.uk,www.kent.edu,www.kfupm.edu.sa,www.kit.edu,www.kitasato-u.ac.jp,www.kmu.edu.tw,www.konkuk.ac.kr,www.kpu-m.ac.jp,www.kth.se,www.kuleuven.be,www.kumamoto-u.ac.jp,www.leeds.ac.uk,www.lehigh.edu,www.liv.ac.uk,www.ljmu.ac.uk,www.llu.edu,www.lse.ac.uk,www.lshtm.ac.uk,www.lu.se,www.luc.edu,www.maastrichtuniversity.nl,www.mahidol.ac.th,www.manchester.ac.uk,www.massey.ac.nz,www.maynoothuniversity.ie,www.mcgill.ca,www.mcw.edu,www.meduniwien.ac.at,www.metu.edu.tr,www.miami.edu,www.mines.edu,www.msstate.edu,www.msu.edu,www.msu.ru,www.nagasaki-u.ac.jp,www.nankai.edu.cn,www.nchu.edu.tw,www.ncku.edu.tw,www.ncsu.edu,www.ncu.edu.tw,www.nd.edu,www.ndsu.edu,www.nihon-u.ac.jp,www.niigata-u.ac.jp,www.niu.edu,www.nju.edu.cn,www.njust.edu.cn,www.nsysu.edu.tw,www.nthu.edu.tw,www.ntu.edu.sg,www.ntu.edu.tw,www.nyu.edu,www.okstate.edu,www.osakafu-u.ac.jp,www.ou.edu,www.oulu.fi,www.pdx.edu,www.pku.edu.cn,www.polito.it,www.port.ac.uk,www.psu.edu,www.pusan.ac.kr,www.pw.edu.pl,www.qut.edu.au,www.reading.ac.uk,www.rice.edu,www.rit.edu,www.rockefeller.edu,www.rpi.edu,www.ru.nl,www.ruc.edu.cn,www.ruhr-uni-bochum.de,www.rutgers.edu,www.rwth-aachen.de,www.saitama-med.ac.jp,www.scu.edu.cn,www.sdu.dk,www.sdu.edu.cn,www.sfsu.edu,www.sgul.ac.uk,www.sharif.ir,www.shinshu-u.ac.jp,www.sissa.it,www.sjtu.edu.cn,www.skku.ac.kr,www.slu.edu,www.smmu.edu.cn,www.smu.edu,www.sns.it,www.snu.ac.kr,www.soken.ac.jp,www.southampton.ac.uk,www.suda.edu.cn,www.sun.ac.za,www.swansea.ac.uk,www.swinburne.edu.au,www.syr.edu,www.sysu.edu.cn,www.temple.edu,www.titech.ac.jp,www.tmu.ac.jp,www.tmu.edu.tw,www.toho-u.ac.jp,www.tu-berlin.de,www.tu-darmstadt.de,www.tue.nl,www.tum.de,www.u-bordeaux.fr,www.u-psud.fr,www.u-szeged.hu,www.u-tokai.ac.jp,www.u-tokyo.ac.jp,www.ua.edu,www.ua.pt,www.uaf.edu,www.uark.edu,www.ub.edu,www.uc.pt,www.ucc.ie,www.ucd.ie,www.ucdavis.edu,www.ucdenver.edu,www.ucf.edu,www.uci.edu,www.ucl.ac.uk,www.ucla.edu,www.uconn.edu,www.uct.ac.za,www.udel.edu,www.udg.edu,www.uea.ac.uk,www.uef.fi,www.ufl.edu,www.ufrj.br,www.ugent.be,www.uh.edu,www.uhasselt.be,www.uib.es,www.uib.no,www.uibk.ac.at,www.uic.edu,www.uidaho.edu,www.uj.edu.pl,www.uky.edu,www.ulg.ac.be,www.ulisboa.pt,www.ull.es,www.ulsan.ac.kr,www.um.edu.my,www.umaryland.edu,www.umbc.edu,www.umd.edu,www.umh.es,www.umich.edu,www.uminho.pt,www.umn.edu,www.umsl.edu,www.umt.edu,www.umu.se,www.unesp.br,www.unh.edu,www.uni-augsburg.de,www.uni-bayreuth.de,www.uni-bielefeld.de,www.uni-bremen.de,www.uni-frankfurt.de,www.uni-heidelberg.de,www.uni-hohenheim.de,www.uni-jena.de,www.uni-kl.de,www.uni-koeln.de,www.uni-luebeck.de,www.uni-magdeburg.de,www.uni-mainz.de,www.uni-muenchen.de,www.uni-potsdam.de,www.uni-salzburg.at,www.uni-stuttgart.de,www.uni-wuerzburg.de,www.uniandes.edu.co,www.unibas.ch,www.unibe.ch,www.unicaen.fr,www.unical.it,www.unican.es,www.unict.it,www.unideb.hu,www.unife.it,www.unifr.ch,www.unige.ch,www.unime.it,www.uninsubria.it,www.unipa.it,www.unipg.it,www.unipv.eu,www.uniroma1.it,www.unisa.edu.au,www.unisa.it,www.unisalento.it,www.uniss.it,www.unitn.it,www.uniud.it,www.uniupo.it,www.univ-bpclermont.fr,www.univ-lille2.fr,www.univ-lorraine.fr,www.univ-lyon1.fr,www.univ-nantes.fr,www.univ-poitiers.fr,www.univ-savoie.fr,www.univ-tours.fr,www.univie.ac.at,www.unlp.edu.ar,www.unmc.edu,www.uno.edu,www.uoguelph.ca,www.uoi.gr,www.uow.edu.au,www.upenn.edu,www.upm.es,www.upstate.edu,www.uq.edu.au,www.uqam.ca,www.uri.edu,www.usc.es,www.ust.hk,www.usu.edu,www.uta.fi,www.utah.edu,www.utdallas.edu,www.utexas.edu,www.uth.edu,www.utmb.edu,www.utoronto.ca,www.utu.fi,www.uu.se,www.uva.nl,www.uvigo.es,www.uvm.edu,www.uwo.ca,www.uwyo.edu,www.uzh.ch,www.vcu.edu,www.waseda.jp,www.whut.edu.cn,www.wisc.edu,www.wits.ac.za,www.xjtu.edu.cn,www.xmu.edu.cn,www.yale.edu,www.yamagata-u.ac.jp,www.yamanashi.ac.jp,www.yonsei.ac.kr,www.yorku.ca,www.yu.ac.kr,www.yu.edu,www.zju.edu.cn,www2.hull.ac.uk,www3.imperial.ac.uk
0,,http://louisville.edu/music/academics/areas-of-study/computer-music-studios/courses,http://www.catalog.hawaii.edu/courses/courses-overview.htm,,http://www.asrc.agri.missouri.edu/courses/4384/,,,,http://cse.ucsd.edu/undergraduate/spring-2018-course-updates,,,https://sils.unc.edu/courses/2018/spring,,,,https://uwaterloo.ca/institute-for-quantum-computing/programs/quantum-innovators/quantum-innovators-computer-science-and-mathematics/schedule,,,,,,,,https://www.physics.auckland.ac.nz/en/about/our-courses/undergraduate-courses/year-1.html,http://support.omniupdate.com,,,https://www.baylor.edu/ecs/computerscience/index.php?id=865244,http://www.ischool.berkeley.edu/courses/datasci/200,,https://www.binghamton.edu/engineering-design/general-minor.html,,,,https://www.brown.edu/sheridan/teaching-learning-resources/teaching-resources/course-design/creating-brown-university-syllabus,,,http://catalog2016.byu.edu/engineering-and-technology/school-of-technology/computer-networks,http://access.caltech.edu/,,https://www.cardiff.ac.uk/study/undergraduate/courses/2018/computer-science-with-visual-computing-bsc,http://calendar.carleton.ca/grad/gradprograms/electricalandcomputerengineering/,,,,,,,,,,,http://catalog.colostate.edu/general-catalog/colleges/natural-sciences/computer-science/,https://outreach.engineering.columbia.edu/content/courses,,,,,,,https://t.co/xBExb8d6j8,,,https://lists.duke.edu/sympa/info/oit-software-license,,,http://www.ed.ac.uk/studying/short-courses/events/col-festival-creative-learning-2018,,,,http://www.essex.ac.uk/courses/pg01033/1/msc-computer-games,,http://www.exeter.ac.uk/international/summerschool/academic/,http://www.apple.com/safari,,,http://msb.georgetown.edu/about/the-school/apply,,,,,,https://handbook.fas.harvard.edu/book/computer-science,,,,,,http://nptel.ac.in/syllabus/108108036/,,,,,,,,,,,,,https://academicaffairs.kaust.edu.sa/Courses/Pages/DownloadSyllabus.aspx?Year=2018&Semester=030&Course=00052392&V=I,,http://www.kent.edu/ehhs/ldes/itec/course-descriptions,http://www.kfupm.edu.sa/deanships/shortcourses/SitePages/ar/default.aspx,,,,,,,,,https://applicationtest1.leeds.ac.uk/privacystatement,http://www.cse.lehigh.edu/academics/undergraduate-computer-science/data-science-minor/7-courses/255-cse-337,https://www.singaporetech.edu.sg/undergraduate-programmes/computer-science-game-design,,https://acrobat.adobe.com/us/en/acrobat.html?promoid=DMMD1FLC&mv=other,,,,,http://www.maastrichtuniversity.nl/meta/328437/introduction-computer-science-1,,,,,https://www.mcgill.ca/undergraduate-admissions/physics-and-computer-science-joint-major,http://www.mcw.edu/Medical-School/Home/MSA/Master-of-Science-in-Anesthesia-Course-List.htm,,,,,http://www.its.msstate.edu/services/accounts/two-factor-authentication/,https://reg.msu.edu/Forms/DataRequest/DataRequestPickup.aspx,,,,,,https://oucc.dasa.ncsu.edu/courseleaf-2/syllabus-tool/,,http://science.nd.edu/undergraduate/course-descriptions/applied-and-computational-mathematics-and-statistics-courses/,,,,,,,,,http://www1.spms.ntu.edu.sg/~maths/Undergraduates/MASUndergradModules.html,,,,,https://ou.mymajors.com/career/Computer-Science-Teachers-Postsecondary,,,,,,https://science.psu.edu/people/unit/undergraduate-education,,,,http://www.reading.ac.uk/computer-science/dcs-online-courses.aspx,https://courses.rice.edu/admweb/!SWKSCAT.cat?p_acyr_code=2017&p_action=CATALIST&p_onebar=&p_mode=AND&p_subj_cd=MATH&p_subj=MATH&p_dept=&p_school=&p_df=&p_submit=,https://www.rit.edu/science/file/33898/download?token=ibAiWtSO,,,,,,http://sas.rutgers.edu/documents/special-academic-programs/883-fall-2018-signature-courses,,,,,,http://bulletin.sfsu.edu/colleges/science-engineering/computer-science/,,,,http://front.math.ucdavis.edu/submissions,,,,,https://datascience.smu.edu/academics/bridge-courses/,,,,http://www.southampton.ac.uk/maths/undergraduate/courses/g1g4_maths_with_computer_science.page,,,,,http://courses.syracuse.edu/undergraduate/minors/physical-computing,,https://securelb.imodules.com/cdn-cgi/l/email-protection,,,,,,,,,,,,,,https://catalog.ua.edu/undergraduate/engineering/computer-science/courses/,,https://uaf.edu/register/process/,http://webbasis.uark.edu/,,,,https://www.cs.ucd.ie/ComputerScienceSupportCentre/,,http://www.ucdenver.edu/academics/colleges/Engineering/Programs/Computer-Science-and-Engineering/DegreePrograms/Pages/Certificate-Programs.aspx,https://today.ucf.edu/ucf-wins-southeast-super-bowl-computer-programming/?print=1,,,http://happenings.ucla.edu/search,http://animalscience.uconn.edu/MajorsAndDegrees/Equine_3_2976383662.mov,,,,,,https://catalog.ufl.edu/ugrad/current/courses/descriptions/electrical-and-computer-engineering.aspx,,,,,,,,,,,http://calendar.uky.edu/ImageWriter.aspx?data=IPkf9F3DB01ad%2b6t0o4EguRLkq8uqW0ZSTl%2fUxZLBOQoWbckWaqBN9YvNPHIrMY3,,,,,,,,,,http://www.mse.engin.umich.edu/undergraduate/courses/winter-2016,,,,http://my.umt.edu/clickredirect/section_redirect/2/140/http%253A%252F%252Fapps.umt.edu%252Fit%252Fshortcourse%252F,,,,,,,,,,,,,,,,,,,,,,,,,,,,,,,,,,,,,,,http://online.unisa.edu.au/courses/163541/2018,,,,,,,,,,,,,,,,,https://wiki.unmc.edu/index.php?title=Computer_Use/Electronic_Information,,,,,http://www.net.isc.upenn.edu/policy/approved/20100308-computersecurity.html,,http://www.upstate.edu/grad/curriculum/nanocourses.php,https://my.uq.edu.au/programs-courses/course.html?course_code=DATA7201&offer=53544c554331494e,,,,http://ocw.mit.edu/courses/intro-programming,https://www.hackerrank.com/e-week-coding-competition,,,http://coursebook.utdallas.edu/,http://security.utexas.edu/policies/aup.html,https://uth.instructure.com/courses/30228,https://www.utmb.edu/ar/Academic%20Computing/default.asp,https://portal.utoronto.ca/webapps/login/?action=relogin,,,,,http://catalogue.uvm.edu/undergraduate/engineeringandmathematicalsciences/computerscience/,,http://www.uwyo.edu/kandh/undergraduate-studies/program-learning-outcomes.html,,http://bulletin.vcu.edu/undergraduate/engineering/computer-science/,,,,,,,http://catalog.yale.edu/ycps/subjects-of-instruction/computer-science/,,,,https://www.ontariosciencecentre.ca/School/Programs,,,,,
1,,,,,http://www.asrc.agri.missouri.edu/courses/4384/repro_plan/index.php,,,,http://cse.ucsd.edu/undergraduate/cse-190-topics-computer-science-and-engineering,,,http://ils.unc.edu/courses/2018_spring/inls490_141/inls490-141-2018-spring-syllabus.html,,,,https://uwaterloo.ca/institute-for-quantum-computing/programs/quantum-innovators/quantum-innovators-science-and-engineering/schedule,,,,,,,,https://www.physics.auckland.ac.nz/en/about/our-courses/undergraduate-courses/year-3.html,https://lms.omniupdate.com/courses/61/pages,,,https://www.baylor.edu/ecs/computerscience/index.php?id=865275,http://www.ischool.berkeley.edu/courses/info,,,,,,https://www.brown.edu/sheridan/teaching-learning-resources/teaching-resources/course-design/creating-syllabus/resources-new,,,http://catalog2016.byu.edu/physical-and-mathematical-sciences/computer-science/advanced-programming-concepts,http://directory.caltech.edu/Telephone,,https://www.cardiff.ac.uk/study/undergraduate/courses/2018/computer-science-with-visual-computing-with-a-year-in-industry-bsc,,,,,,,,,,,,http://www.physics.colostate.edu/undergraduate-program/courses/,http://sps.columbia.edu/highschool/summer-immersion/new-york-city-3-week/courses/introduction-architectural-design-and-theory,,,,,,,https://t.co/NTvHXD0D0t,,,,,,https://www.eventbrite.co.uk/e/fcl18-urban-walks-algorithmic-tickets-42042536358,,,,,,,,,,http://app.applyyourself.com?id=GTU-MBA,,,,,,http://handbook.fas.harvard.edu/book/computer-science,,,,,,http://nptel.ac.in/syllabus/105108124/,,,,,,,,,,,,,https://academicaffairs.kaust.edu.sa/Courses/Pages/DownloadSyllabus.aspx?Year=2018&Semester=030&Course=00007088&V=I,,,http://www.kfupm.edu.sa/sites/Skeletondept/default.aspx,,,,,,,,,http://www.leeds.ac.uk/terms,http://www.cse.lehigh.edu/academics/undergraduate-computer-science/in-the-college-of-engineering-and-applied-science/7-courses/208-cse-202,https://www.singaporetech.edu.sg/undergraduate-programmes/computer-science-real-time-interactive-simulation,,https://acrobat.adobe.com/us/en/acrobat/pricing.html?promoid=DZTH12D8&mv=other,,,,,http://www.maastrichtuniversity.nl/meta/328767/introduction-computer-science-2,,,,,https://www.mcgill.ca/study/2017-2018/faculties/science/undergraduate/programs/bachelor-science-bsc-major-physics-and-computer-science,,,,,,,https://techstore.msu.edu/custom-computer-orders/apple-equote,,,,,,http://www.bls.gov/ooh/computer-and-information-technology/print/software-developers.htm,,http://science.nd.edu/undergraduate/course-descriptions/mathematics-courses/mathematics-study-abroad-course-descriptions/,,,,,,,,,http://www1.spms.ntu.edu.sg/~maths/Undergraduates/oldMASUndergradcourses.html,,,,,https://ou.mymajors.com/career/computer-science-teachers-postsecondary/,,,,,,http://www.umich.edu/~umweb/software/cosign/build.shtml,,,,http://www.reading.ac.uk/computer-science/dcs-begin-programming.aspx,https://courses.rice.edu/admweb/!SWKSCAT.cat?p_action=COURSE&p_term=201820&p_crn=20117,,,,,,,http://sas.rutgers.edu/documents/special-academic-programs/875-fall-2017-signature-courses,,,,,,,,,,http://annals.math.princeton.edu/2018/187-2/p03,,,,,https://datascience.smu.edu/academics/curriculum/coursedescriptions/,,,,https://www.southampton.ac.uk/programmespecs/G1G4_BSc_Mathematics_with_Computer_Science,,,,,http://vpa.syr.edu/current-students/undergraduate-students/new-first-year-students/instructions-by-major/,,,,,,,,,,,,,,,,https://catalog.ua.edu/undergraduate/engineering/electrical-computer/courses/,,https://uaf.edu/register/expenses/,https://learn.uark.edu/webapps/blackboard/execute/viewCatalog?type=Course&id=_11_1,,,,http://www.dataprotection.ie/docs/A-Consumer-Guide-to-Dealing-with-Unsolicited-Direct-Marketing/r/288.htm,,,,,,,,,,,,,https://catalog.ufl.edu/ugrad/current/courses/descriptions/computer-science.aspx,,,,,,,,,,,http://calendar.uky.edu/ImageWriter.aspx?data=IPkf9F3DB01K8XtggIEkGrjOBDAesrWePx42MTeuMJ5CT%2bJm4rEN12EKKU%2fz1QV%2b,,,,,,,,,,http://www.mse.engin.umich.edu/undergraduate/courses/fall-2016,,,,http://apps.umt.edu/it/shortcourse/home,,,,,,,,,,,,,,,,,,,,,,,,,,,,,,,,,,,,,,,http://online.unisa.edu.au/courses/163526/2018,,,,,,,,,,,,,,,,,,,,,,,,,https://my.uq.edu.au/programs-courses/course.html?course_code=DATA7201,,,,http://ocw.mit.edu/courses/electrical-engineering-and-computer-science/6-0001-introduction-to-computer-science-and-programming-in-python-fall-2016,https://www.usu.edu/aaa/login/login.cfm?fwd=http://www.usu.edu/aaa/evaluations_all.cfm&msg=Course+Evaluations+Database+Login,,,https://coursebook.utdallas.edu/syllabus-policies,https://cio.utexas.edu/policies/web-privacy,https://uth.instructure.com/courses/30228/assignments/syllabus,https://gsbs.utmb.edu/course-descriptions,https://portal.utoronto.ca/webapps/login?action=relogin,,,,,,,,,http://bulletin.vcu.edu/undergraduate/engineering/electrical-computer-engineering/,,,,,,,,,,,http://www.ontariosciencecentre.ca/School/Programs,,,,,
2,,,,,http://www.asrc.agri.missouri.edu/courses,,,,http://cse.ucsd.edu/undergraduate/courses/course-descriptions/cse-30-computer-organization-and-systems-programming,,,https://sils.unc.edu/courses/2018/summer,,,,https://ugradcalendar.uwaterloo.ca/courses/AVIA/,,,,,,,,http://www.engineering.auckland.ac.nz/en/for/currentstudents/currentundergraduates/cu-academic-information/eng-course-reading-lists.html,http://omniupdate.com/products/modules.html,,,,http://www.ischool.berkeley.edu/courses/info/2018/spring,,,,,,https://www.brown.edu/information-technology/software/,,,http://catalog2016.byu.edu/physical-and-mathematical-sciences/computer-science/introduction-computer-programming,http://www.imss.caltech.edu/accesscaltech-help,,https://www.cardiff.ac.uk/cy/study/undergraduate/courses/2018/computer-science-with-high-performance-computing-bsc,,,,,,,,,,,,,,,,,,,,https://t.co/ZvOP8XjmXz,,,,,,http://www.ed.ac.uk/studying/short-courses/subjects/languages-courses/which-level-am-i/language-level-self-assessment,,,,,,,,,,https://t.co/Z3MKGfwiI6,,,,,,http://www.seas.harvard.edu/academics/courses/computer-science,,,,,,http://www.nptel.ac.in/syllabus/105108072/,,,,,,,,,,,,,https://academicaffairs.kaust.edu.sa/Courses/Pages/DownloadSyllabus.aspx?Year=2018&Semester=030&Course=00008172&V=I,,,http://www.kfupm.edu.sa/sites/Skeletondept/SitePages/ar/default.aspx,,,,,,,,,http://www.leeds.ac.uk/secretariat/data_protection_code_of_practice.html,http://www.cse.lehigh.edu/academics/undergraduate-computer-science/in-the-college-of-engineering-and-applied-science/7-courses/102-cse-327,https://www.singaporetech.edu.sg/undergraduate-programmes/ict-software-engineering,,https://acrobat.adobe.com/us/en/acrobat/how-to/ocr-software-convert-pdf-to-text.html,,,,,http://www.maastrichtuniversity.nl/nl/meta/334359/introduction-computer-science-1,,,,,https://www.mcgill.ca/undergraduate-admissions/computer-science-faculty-engineering,,,,,,,https://techstore.msu.edu/custom-computer-orders/dell-equote,,,,,,https://www.bls.gov/ooh/computer-and-information-technology/print/software-developers.htm,,http://science.nd.edu/undergraduate/course-descriptions/physics-courses/physics-study-abroad-course-descriptions/,,,,,,,,,,,,,,https://ou.mymajors.com/career/computer-science-teachers-postsecondary/skills/,,,,,,http://www.umich.edu/~umweb/software/cosign/changelog.txt,,,,https://www.futurelearn.com/courses/begin-programming,https://courses.rice.edu/admweb/!SWKSCAT.cat?p_action=COURSE&p_term=201820&p_crn=24749,,,,,,,http://sas.rutgers.edu/documents/special-academic-programs/867-spring-2017-signature-course-brochure,,,,,,,,,,http://annals.math.princeton.edu/2018/187-1/p02,,,,,http://www.enable-javascript.com/,,,,http://www.southampton.ac.uk/programmespecs/G401_G4GR_G4G5_G450_G421_G400_G4G6_G600_BSc_MEng_Computer_Science_and_Software_Engineering,,,,,,,,,,,,,,,,,,,,,,,,https://learn.uark.edu/webapps/blackboard/execute/viewCatalog?sortCol=identifier&numResults=25&type=Course&id=_11_1&sortDir=DESCENDING,,,,,,,,,,,,,,,,,https://catalog.ufl.edu/ugrad/current/courses/descriptions/mechanical-and-aerospace-engineering.aspx,,,,,,,,,,,,,,,,,,,,,http://www.mse.engin.umich.edu/undergraduate/courses/winter-2017,,,,,,,,,,,,,,,,,,,,,,,,,,,,,,,,,,,,,,,,,,,https://www.open.edu.au/subjects/rmit-university-introduction-to-programming-rmi-cpt120,,,,,,,,,,,,,,,,,,,,,,,,,,,,,http://ocw.mit.edu/courses/electrical-engineering-and-computer-science/6-0001-introduction-to-computer-science-and-programming-in-python-fall-2016/syllabus,https://www.hackerrank.com/school?h_r=community_home&h_v=school&h_l=footer,,,http://go.utdallas.edu/syllabus-policies,http://www.utexas.edu/web-privacy-policy/,https://uth.instructure.com/courses/30228/pages,http://www.utmb.edu/gsbs/course-descriptions,http://sites.utoronto.ca/ic/software/usource_instructions.html,,,,,,,,,,,,,,,,,,,,,,,,,
3,,,,,http://www.asrc.agri.missouri.edu/courses/4384/repro_plan/Repro_Plan10_2017.xlsm,,,,http://cse.ucsd.edu/undergraduate/courses/course-descriptions/cse-11-introduction-computer-science-and-object-0,,,http://ils.unc.edu/courses/2017_fall/inls161_004/index.html,,,,http://ugradcalendar.uwaterloo.ca/courses/PHYS/,,,,,,,,,,,,,https://www.ischool.berkeley.edu/courses/datasci/200,,,,,,https://it.brown.edu/computing-policies/electronic-equipment-disposition-policy/data-removal-recommendations,,,http://catalog2016.byu.edu/management/information-systems/introduction-computer-programming,http://blackboard.caltech.edu/,,https://www.cardiff.ac.uk/cy/study/undergraduate/courses/2018/computer-science-with-high-performance-computing-with-a-year-in-industry-bsc,,,,,,,,,,,,,,,,,,,,https://t.co/o6SLVKEf0F,,,,,,,,,,,,,,,,https://t.co/Z3MKGfwiI6?lang=id,,,,,,http://www.seas.harvard.edu/academics/courses/engineering-sciences,,,,,,http://nptel.ac.in/syllabus/113108052/,,,,,,,,,,,,,https://academicaffairs.kaust.edu.sa/Courses/Pages/DownloadSyllabus.aspx?Year=2018&Semester=030&Course=00007090&V=I,,,,,,,,,,,,,http://www.cse.lehigh.edu/academics/undergraduate-computer-science/in-the-college-of-engineering-and-applied-science/7-courses/109-cse-326,https://www.singaporetech.edu.sg/undergraduate-programmes/aircraft-systems-engineering,,https://acrobat.adobe.com/us/en/acrobat/capabilities.html?promoid=DRCF19VB&mv=other,,,,,http://www.maastrichtuniversity.nl/meta/328437/introduction-computer-science-1?print=1,,,,,https://www.mcgill.ca/undergraduate-admissions/fr/computer-science-faculty-engineering,,,,,,,,,,,,,http://www.bls.gov/ooh/computer-and-information-technology/database-administrators.htm,,http://science.nd.edu/undergraduate/course-descriptions/applied-and-computational-mathematics-and-statistics-courses,,,,,,,,,,,,,,https://ou.mymajors.com/career/Computer-Hardware-Engineers/,,,,,,http://www.umich.edu/~umweb/software/cosign/media/authentication_filter2006a.rtf,,,,http://www.reading.ac.uk/15/about/about-privacy.aspx,https://courses.rice.edu/admweb/!SWKSCAT.cat?p_action=COURSE&p_term=201820&p_crn=21276,,,,,,,http://sas.rutgers.edu/documents/special-academic-programs/849-fall-2016-signature-courses-brochure,,,,,,,,,,http://annals.math.princeton.edu/2018/187-1/p03,,,,,,,,,https://www.southampton.ac.uk/maths/undergraduate/courses/g1g4_maths_with_computer_science.page?,,,,,,,,,,,,,,,,,,,,,,,,https://learn.uark.edu/webapps/blackboard/execute/viewCatalog?sortCol=name&numResults=25&type=Course&id=_11_1&sortDir=ASCENDING,,,,,,,,,,,,,,,,,https://www.bls.gov/ooh/computer-and-information-technology/print/software-developers.htm,,,,,,,,,,,,,,,,,,,,,http://www.mse.engin.umich.edu/undergraduate/courses/fall-2017,,,,,,,,,,,,,,,,,,,,,,,,,,,,,,,,,,,,,,,,,,,https://www.open.edu.au/subjects/rmit-university-programming-1-rmi-cpt121,,,,,,,,,,,,,,,,,,,,,,,,,,,,,http://ocw.mit.edu/courses/electrical-engineering-and-computer-science/6-189-a-gentle-introduction-to-programming-using-python-january-iap-2011,https://usu.instructure.com/courses/407578/assignments/syllabus,,,https://catalog.utdallas.edu/2017/undergraduate/courses/school/ecs,http://security.utexas.edu/policies/data_classification,https://uthvideo.uth.tmc.edu/Panopto/Cache/5.3.0.35481/Software/Panopto%20Recorder.pkg?arch=None&useCustomBinary=True,https://www.utmb.edu/gsbs/course-descriptions,http://sites.utoronto.ca/ic/software/detail/matlab.html,,,,,,,,,,,,,,,,,,,,,,,,,
4,,,,,,,,,http://cse.ucsd.edu/undergraduate/courses/course-descriptions/cse-190-topics-computer-science-and-engineering,,,http://ils.unc.edu/courses/2017_fall/inls161_004/001.syllabus.html,,,,https://uwaterloo.ca/science/current-undergraduate-students/frequently-asked-questions,,,,,,,,,,,,,http://www.ischool.berkeley.edu/courses/info/018,,,,,,https://it.brown.edu/computing-policies/attribute-release-policy-web-single-sign-sso,,,http://catalog2016.byu.edu/physical-and-mathematical-sciences/computer-science/concepts-of-programming-languages,http://www.imss.caltech.edu/phones,,https://www.cardiff.ac.uk/cy/study/undergraduate/courses/2018/computer-science-with-visual-computing-bsc,,,,,,,,,,,,,,,,,,,,https://t.co/webiKwBD4H,,,,,,,,,,,,,,,,https://t.co/Z3MKGfwiI6?lang=msa,,,,,,https://www.seas.harvard.edu/academics/courses/computer-science,,,,,,http://nptel.ac.in/syllabus/113108054/,,,,,,,,,,,,,https://academicaffairs.kaust.edu.sa/Courses/Pages/DownloadSyllabus.aspx?Year=2018&Semester=030&Course=00007100&V=I,,,,,,,,,,,,,http://www.cse.lehigh.edu/academics/undergraduate-computer-science/in-the-college-of-engineering-and-applied-science/7-courses/104-cse-335,https://www.singaporetech.edu.sg/undergraduate-programmes/sustainable-infrastructure-engineering-land,,https://acrobat.adobe.com/us/en/sign.html?promoid=FD1KZP65&mv=other,,,,,http://www.maastrichtuniversity.nl/meta/328767/introduction-computer-science-2?print=1,,,,,https://www.mcgill.ca/study/2017-2018/faculties/engineering/undergraduate/programs/bachelor-engineering-beng-minor-computer-science,,,,,,,,,,,,,https://www.bls.gov/ooh/computer-and-information-technology/database-administrators.htm,,http://www.kings.edu/academics/undergraduate_majors/computerscience/course_descriptions,,,,,,,,,,,,,,https://ou.mymajors.com/career/Electronics-Engineers-Except-Computer,,,,,,https://science.psu.edu/current-students/support-network/undergraduate-policies-and-procedures,,,,http://www.reading.ac.uk/internal/imps/DataProtection/DataProtectionRequirements/Writingreferences/imps-d-p-references-intro.aspx,https://courses.rice.edu/admweb/!SWKSCAT.cat?p_action=COURSE&p_term=201810&p_crn=16606,,,,,,,http://sas.rutgers.edu/documents/special-academic-programs/845-spring-2016-signature-courses,,,,,,,,,,http://front.math.ucdavis.edu/atom/physics.data-an,,,,,,,,,https://www.southampton.ac.uk/maths/undergraduate/courses/g1g4_maths_with_computer_science.page,,,,,,,,,,,,,,,,,,,,,,,,https://learn.uark.edu/webapps/blackboard/execute/viewCatalog?sortCol=identifier&numResults=25&type=Course&id=_11_1&sortDir=ASCENDING,,,,,,,,,,,,,,,,,https://www.bls.gov/ooh/computer-and-information-technology/database-administrators.htm,,,,,,,,,,,,,,,,,,,,,http://www.mse.engin.umich.edu/undergraduate/courses/winter-2018,,,,,,,,,,,,,,,,,,,,,,,,,,,,,,,,,,,,,,,,,,,,,,,,,,,,,,,,,,,,,,,,,,,,,,,,http://ocw.mit.edu/courses/electrical-engineering-and-computer-science/6-189-a-gentle-introduction-to-programming-using-python-january-iap-2011/syllabus,https://usu.instructure.com/courses/407578/modules,,,https://catalog.utdallas.edu/2017/undergraduate/courses/school/ah/makepdf,,https://uthvideo.uth.tmc.edu/Panopto/Cache/5.3.0.35481/Software/PanoptoRecorder.exe?arch=X86&useCustomBinary=True,https://ispace.utmb.edu/xythoswfs/webview/_xy-12688554_1,https://software.utoronto.ca,,,,,,,,,,,,,,,,,,,,,,,,,
5,,,,,,,,,http://cse.ucsd.edu/undergraduate/undergraduate-courses/cse-undergraduate-course-descriptions/cse-undergraduate-course,,,http://ils.unc.edu/courses/2017_fall/inls161_004/101a.intro.html,,,,,,,,,,,,,,,,,https://ucberkeley.instructure.com/courses/1281320/assignments/syllabus,,,,,,,,,http://catalog2016.byu.edu/physical-and-mathematical-sciences/computer-science/data-structures-and-algorithms,http://access.caltech.edu,,https://www.cardiff.ac.uk/cy/study/undergraduate/courses/2018/computer-science-with-visual-computing-with-a-year-in-industry-bsc,,,,,,,,,,,,,,,,,,,,https://t.co/p83xSy07MG,,,,,,,,,,,,,,,,,,,,,,https://www.seas.harvard.edu/academics/courses/engineering-sciences,,,,,,http://nptel.ac.in/syllabus/105108076/,,,,,,,,,,,,,https://academicaffairs.kaust.edu.sa/Courses/Pages/DownloadSyllabus.aspx?Year=2018&Semester=030&Course=00073842&V=I,,,,,,,,,,,,,http://www.cse.lehigh.edu/academics/undergraduate-computer-science/in-the-college-of-engineering-and-applied-science/7-courses/106-cse-347,https://www.singaporetech.edu.sg/undergraduate-programmes/electrical-power-engineering,,https://acrobat.adobe.com/us/en/acrobat/pricing/compare-versions.html,,,,,,,,,,https://www.mcgill.ca/undergraduate-admissions/computer-engineering,,,,,,,,,,,,,http://www.bls.gov/ooh/computer-and-information-technology/print/database-administrators.htm,,,,,,,,,,,,,,,,https://ou.mymajors.com/career/Computer-Network-Architects/,,,,,,https://sites.psu.edu/facultysenate/wp-login.php?redirect_to=https%3A%2F%2Fsites.psu.edu%2Ffacultysenate%2Fpolicies-and-rules-for-undergraduate-students%2Fappendix-a-1-general-education-baccalaureate-degree&action=shibboleth,,,,http://www.enable-javascript.com/,https://courses.rice.edu/admweb/!SWKSCAT.cat?p_action=COURSE&p_term=201810&p_crn=13211,,,,,,,http://sas.rutgers.edu/documents/special-academic-programs/818-fall-2015-signature-courses,,,,,,,,,,,,,,,,,,,https://www.southampton.ac.uk/maths/undergraduate/courses/g100_mathematics.page,,,,,,,,,,,,,,,,,,,,,,,,https://learn.uark.edu/webapps/blackboard/execute/viewCatalog?sortCol=name&numResults=25&type=Course&id=_11_1&sortDir=DESCENDING,,,,,,,,,,,,,,,,,https://www.bls.gov/ooh/computer-and-information-technology/print/database-administrators.htm,,,,,,,,,,,,,,,,,,,,,,,,,,,,,,,,,,,,,,,,,,,,,,,,,,,,,,,,,,,,,,,,,,,,,,,,,,,,,,,,,,,,,,,,,,,,,http://ocw.mit.edu/courses/electrical-engineering-and-computer-science/6-092-introduction-to-programming-in-java-january-iap-2010,https://usu.instructure.com/courses/407578/modules/items/2762702,,,https://catalog.utdallas.edu/2017/undergraduate/courses/school/atec/makepdf,,https://uthvideo.uth.tmc.edu/Panopto/Cache/5.3.0.35481/Software/PanoptoRecorder.exe?arch=Amd64&useCustomBinary=True,https://ispace.utmb.edu/xythoswfs/webview/_xy-12681794_1,https://software.utoronto.ca/verify,,,,,,,,,,,,,,,,,,,,,,,,,
6,,,,,,,,,http://cse.ucsd.edu/undergraduate/courses/prerequisites-cse-undergraduate-classes,,,http://ils.unc.edu/courses/2017_fall/inls161_004/418a.databases.html,,,,,,,,,,,,,,,,,https://ucberkeley.instructure.com/courses/1179322/assignments/syllabus,,,,,,,,,http://catalog2016.byu.edu/engineering-and-technology/mechanical-engineering/introduction-scientific-computing-and-computer,https://access.caltech.edu,,https://www.cardiff.ac.uk/cy/study/undergraduate/courses/2018/computer-science-with-visual-computing-with-a-year-of-study-abroad-bsc,,,,,,,,,,,,,,,,,,,,http://www.teamusa.org/footer/privacy-policy,,,,,,,,,,,,,,,,,,,,,,,,,,,,http://www.be.iisc.ac.in/CourseTemplate/BE%20-%20201/index%20-%20201.html,,,,,,,,,,,,,https://academicaffairs.kaust.edu.sa/Courses/Pages/DownloadSyllabus.aspx?Year=2018&Semester=030&Course=00073843&V=I,,,,,,,,,,,,,http://www.cse.lehigh.edu/academics/undergraduate-computer-science/in-the-college-of-engineering-and-applied-science/7-courses/108-cse-360,,,https://acrobat.adobe.com/us/en/acrobat/capabilities.html,,,,,,,,,,https://www.mcgill.ca/undergraduate-admissions/computer-science-faculty-science,,,,,,,,,,,,,https://www.bls.gov/ooh/computer-and-information-technology/print/database-administrators.htm,,,,,,,,,,,,,,,,https://ou.mymajors.com/career/Computer-Network-Support-Specialists/,,,,,,https://sites.psu.edu/facultysenate/wp-login.php?redirect_to=https%3A%2F%2Fsites.psu.edu%2Ffacultysenate%2Fpolicies-and-rules-for-undergraduate-students%2Fappendix-a-2-general-education-associate-degree&action=shibboleth,,,,http://www.reading.ac.uk/internal/imps/DataProtection/imps-d-p-glossary.aspx,https://courses.rice.edu/admweb/!SWKSCAT.cat?p_action=COURSE&p_term=201810&p_crn=17201,,,,,,,https://comminfo.rutgers.edu/academics/courses,,,,,,,,,,,,,,,,,,,https://www.southampton.ac.uk/maths/undergraduate/courses/g100_mathematics.page?,,,,,,,,,,,,,,,,,,,,,,,,,,,,,,,,,,,,,,,,,http://assistive.usablenet.com/tt/https://www.eng.ufl.edu/students/resources/computer-requirements/,,,,,,,,,,,,,,,,,,,,,,,,,,,,,,,,,,,,,,,,,,,,,,,,,,,,,,,,,,,,,,,,,,,,,,,,,,,,,,,,,,,,,,,,,,,,,http://ocw.mit.edu/courses/electrical-engineering-and-computer-science/6-092-introduction-to-programming-in-java-january-iap-2010/syllabus,https://usu.instructure.com/courses/407578/pages,,,https://catalog.utdallas.edu/2017/undergraduate/courses/school/bbs/makepdf,,https://uthvideo.uth.tmc.edu/Panopto/Cache/4.9.1/Software/Panopto%20Recorder.pkg?arch=None&useCustomBinary=False,https://ispace.utmb.edu/xythoswfs/webview/_xy-13094951_1,https://munkschool.utoronto.ca/bronfmanchair/teaching/,,,,,,,,,,,,,,,,,,,,,,,,,
7,,,,,,,,,https://itunes.apple.com/us/podcast/introduction-to-computer-science-programming-in-python/id1192805159?mt=2,,,http://sils.unc.edu/courses/2018/spring,,,,,,,,,,,,,,,,,https://www.ischool.berkeley.edu/courses/info,,,,,,,,,http://catalog2016.byu.edu/physical-and-mathematical-sciences/computer-science/algorithmic-languages-and-compilers,http://blackboard.caltech.edu/AnonymousHome.aspx,,https://www.cardiff.ac.uk/cy/study/undergraduate/courses/2018/architectural-engineering-international-meng,,,,,,,,,,,,,,,,,,,,http://www.wikihow.com/Enable-JavaScript-on-Your-Computer,,,,,,,,,,,,,,,,,,,,,,,,,,,,http://www.be.iisc.ac.in/CourseTemplate/BE%20-%20203/index%20-%20203.html,,,,,,,,,,,,,https://academicaffairs.kaust.edu.sa/Courses/Pages/DownloadSyllabus.aspx?Year=2018&Semester=030&Course=00007082&V=I,,,,,,,,,,,,,http://www.cse.lehigh.edu/academics/undergraduate-computer-science/in-the-college-of-engineering-and-applied-science/7-courses/110-cse-308,,,https://acrobat.adobe.com/us/en/acrobat/mobile-app.html,,,,,,,,,,https://www.mcgill.ca/study/2017-2018/faculties/science/undergraduate/programs/bachelor-science-bsc-major-computer-science,,,,,,,,,,,,,https://math.sciences.ncsu.edu/undergraduate/reu-at-nc-state/,,,,,,,,,,,,,,,,https://ou.mymajors.com/career/Computer-Programmers/,,,,,,https://sites.psu.edu/facultysenate/wp-login.php?redirect_to=https%3A%2F%2Fsites.psu.edu%2Ffacultysenate%2Fpolicies-and-rules-for-undergraduate-students%2F54-00-academic-warning-drop-action-and-reinstatement-archive&action=shibboleth,,,,http://www.reading.ac.uk/internal/imps/DataProtection/DataProtectionGuidelines/ITSsharedsections/imps-d-p-encryption-files.aspx,https://courses.rice.edu/admweb/!SWKSCAT.cat?p_action=COURSE&p_term=201720&p_crn=20117,,,,,,,,,,,,,,,,,,,,,,,,,,https://www.southampton.ac.uk/maths/undergraduate/modules/MATH2008_introduction_to_applied_mathematics.page,,,,,,,,,,,,,,,,,,,,,,,,,,,,,,,,,,,,,,,,,https://assistive.usablenet.com/tt/www.eng.ufl.edu/students/resources/computer-requirements/?un_jtt_font_size_perc=1.20,,,,,,,,,,,,,,,,,,,,,,,,,,,,,,,,,,,,,,,,,,,,,,,,,,,,,,,,,,,,,,,,,,,,,,,,,,,,,,,,,,,,,,,,,,,,,http://ocw.mit.edu/courses/electrical-engineering-and-computer-science/6-0001-introduction-to-computer-science-and-programming-in-python-fall-2016/index.htm,https://usu.instructure.com/courses/407578/modules/452887,,,https://catalog.utdallas.edu/2017/undergraduate/courses/school/ecs/makepdf,,,https://ispace.utmb.edu/xythoswfs/webview/_xy-13094952_1,http://complit.utoronto.ca/2017-2018-course-descriptions/,,,,,,,,,,,,,,,,,,,,,,,,,
8,,,,,,,,,http://se.ucsd.edu/academics/undergraduate-program/undergraduate-course-descriptions,,,http://sils.unc.edu/courses/2018/summer,,,,,,,,,,,,,,,,,https://www.ischool.berkeley.edu/courses/info/2018/spring,,,,,,,,,http://catalog2016.byu.edu/physical-and-mathematical-sciences/computer-science/algorithm-design-and-analysis,http://blackboard.caltech.edu/AnonymousHomePassword.aspx,,https://www.cardiff.ac.uk/cy/study/undergraduate/courses/2018/architectural-engineering-international-with-a-year-in-industry-meng,,,,,,,,,,,,,,,,,,,,https://itunes.apple.com/app/id454638411,,,,,,,,,,,,,,,,,,,,,,,,,,,,http://www.be.iisc.ac.in/CourseTemplate/BE%20-%20204/index%20-%20204.html,,,,,,,,,,,,,https://academicaffairs.kaust.edu.sa/Courses/Pages/DownloadSyllabus.aspx?Year=2018&Semester=030&Course=00020933&V=I,,,,,,,,,,,,,http://www.cse.lehigh.edu/academics/undergraduate-computer-science/ba-in-computer-science/7-courses/206-cse-1,,,https://acrobat.adobe.com/us/en/acrobat/how-to/send-track-files-online.html,,,,,,,,,,https://www.mcgill.ca/study/2017-2018/faculties/science/undergraduate/programs/bachelor-science-bsc-major-computer-science-computer-games,,,,,,,,,,,,,https://abet.engr.ncsu.edu/computer-science/,,,,,,,,,,,,,,,,https://ou.mymajors.com/career/Computer-Systems-Analysts/,,,,,,https://astro.psu.edu/academics/undergraduate-studies/planetary-science-and-astronomy-major,,,,http://www.rdg.ac.uk/internal/imps/DataProtection/DataProtectionGuidelines/Writingreferences/imps-d-p-references-intro.aspx,https://courses.rice.edu/admweb/!SWKSCAT.cat?p_action=COURSE&p_term=201720&p_crn=20120,,,,,,,,,,,,,,,,,,,,,,,,,,https://www.southampton.ac.uk/maths/undergraduate/courses/g1g3_maths_with_statistics.page,,,,,,,,,,,,,,,,,,,,,,,,,,,,,,,,,,,,,,,,,https://assistive.usablenet.com/tt/www.eng.ufl.edu/students/resources/computer-requirements/,,,,,,,,,,,,,,,,,,,,,,,,,,,,,,,,,,,,,,,,,,,,,,,,,,,,,,,,,,,,,,,,,,,,,,,,,,,,,,,,,,,,,,,,,,,,,http://ocw.mit.edu/courses/electrical-engineering-and-computer-science/6-0001-introduction-to-computer-science-and-programming-in-python-fall-2016/readings,https://usu.instructure.com/courses/407578/modules/447463,,,https://catalog.utdallas.edu/2017/undergraduate/courses/school/ecs/makeword,,,,http://complit.utoronto.ca/2017-2018-course-descriptions/?ajaxCalendar=1&mo=1&yr=2018,,,,,,,,,,,,,,,,,,,,,,,,,
9,,,,,,,,,http://www.structures.ucsd.edu/academics/undergraduate-program/undergraduate-course-descriptions,,,,,,,,,,,,,,,,,,,,http://www.ischool.berkeley.edu/courses/info/2017/summer,,,,,,,,,http://catalog2016.byu.edu/physical-and-mathematical-sciences/computer-science/linear-programming-and-convex-optimization,http://blackboard.caltech.edu/Register.aspx,,,,,,,,,,,,,,,,,,,,,,https://itunes.apple.com/us/app/true/id454638411?platform=iphone&preserveScrollPosition=true,,,,,,,,,,,,,,,,,,,,,,,,,,,,http://nptel.ac.in/syllabus/syllabus.php?subjectId=121106014,,,,,,,,,,,,,https://academicaffairs.kaust.edu.sa/Courses/Pages/DownloadSyllabus.aspx?Year=2018&Semester=030&Course=00083637&V=I,,,,,,,,,,,,,http://www.cse.lehigh.edu/academics/undergraduate-computer-science/ba-in-computer-science/7-courses/207-cse-2,,,https://acrobat.adobe.com/us/en/acrobat/how-to/print-to-pdf.html,,,,,,,,,,https://www.mcgill.ca/undergraduate-admissions/mathematics-and-computer-science-faculty-science,,,,,,,,,,,,,http://distance.ncsu.edu/programs/undergraduate-certificate-in-computer-programming,,,,,,,,,,,,,,,,https://ou.mymajors.com/career/Computer-Systems-Engineers-Architects/,,,,,,http://bmb.psu.edu/undergraduate/bmb-majors/pdf-forms/2013-2014-guide,,,,http://www.rdg.ac.uk/internal/imps/DataProtection/DataProtectionRequirements/Writingreferences/imps-d-p-references-intro.aspx,https://courses.rice.edu/admweb/!SWKSCAT.cat?p_action=COURSE&p_term=201720&p_crn=21275,,,,,,,,,,,,,,,,,,,,,,,,,,,,,,,,,,,,,,,,,,,,,,,,,,,,,,,,,,,,,,,,,,,https://assistive.usablenet.com/tt/www.eng.ufl.edu/students/resources/computer-requirements/?un_jtt_font_size_perc=1.44,,,,,,,,,,,,,,,,,,,,,,,,,,,,,,,,,,,,,,,,,,,,,,,,,,,,,,,,,,,,,,,,,,,,,,,,,,,,,,,,,,,,,,,,,,,,,http://ocw.mit.edu/courses/electrical-engineering-and-computer-science/6-0001-introduction-to-computer-science-and-programming-in-python-fall-2016/lecture-videos,,,,https://catalog.utdallas.edu/2017/undergraduate/courses/school/ecs/makeprint,,,,http://complit.utoronto.ca/2017-2018-course-descriptions/?ajaxCalendar=1&mo=3&yr=2018,,,,,,,,,,,,,,,,,,,,,,,,,
10,,,,,,,,,https://cse.ucsd.edu/undergraduate/courses/course-descriptions/cse-190-topics-computer-science-and-engineering,,,,,,,,,,,,,,,,,,,,http://www.ischool.berkeley.edu/courses/info/2017/spring,,,,,,,,,http://catalog2016.byu.edu/physical-and-mathematical-sciences/computer-science/software-design-and-testing,,,,,,,,,,,,,,,,,,,,,,,https://itunes.apple.com/us/app/true/id454638411?platform=ipad&preserveScrollPosition=true,,,,,,,,,,,,,,,,,,,,,,,,,,,,http://nptel.ac.in/syllabus/syllabus.php?subjectId=115102103,,,,,,,,,,,,,,,,,,,,,,,,,,http://www.cse.lehigh.edu/academics/undergraduate-computer-science/ba-in-computer-science/7-courses/208-cse-202,,,https://acrobat.adobe.com/us/en/acrobat/how-to/word-excel-ppt-to-pdf-converter.html,,,,,,,,,,https://www.mcgill.ca/study/2017-2018/faculties/science/undergraduate/programs/bachelor-science-bsc-major-mathematics-and-computer-science,,,,,,,,,,,,,http://www.ece.ncsu.edu/undergraduate/specialization_electives,,,,,,,,,,,,,,,,https://ou.mymajors.com/career/Computer-User-Support-Specialists/,,,,,,https://astro.psu.edu/academics/undergraduate-studies/astronomy-and-astrophysics-major,,,,http://www.rdg.ac.uk/internal/imps/DataProtection/imps-d-p-glossary.aspx,https://courses.rice.edu/admweb/!SWKSCAT.cat?p_action=COURSE&p_term=201710&p_crn=10202,,,,,,,,,,,,,,,,,,,,,,,,,,,,,,,,,,,,,,,,,,,,,,,,,,,,,,,,,,,,,,,,,,,https://assistive.usablenet.com/tt/www.eng.ufl.edu/students/resources/computer-requirements/?un_jtt_font_size_perc=1.73,,,,,,,,,,,,,,,,,,,,,,,,,,,,,,,,,,,,,,,,,,,,,,,,,,,,,,,,,,,,,,,,,,,,,,,,,,,,,,,,,,,,,,,,,,,,,http://ocw.mit.edu/courses/electrical-engineering-and-computer-science/6-0001-introduction-to-computer-science-and-programming-in-python-fall-2016/lecture-slides-code,,,,http://catalog.utdallas.edu/2017/undergraduate/courses/school/ecs,,,,http://complit.utoronto.ca/2017-2018-course-descriptions/?ajaxCalendar=1&mo=12&yr=2017,,,,,,,,,,,,,,,,,,,,,,,,,
11,,,,,,,,,https://cse.ucsd.edu/undergraduate/courses/prerequisites-cse-undergraduate-classes,,,,,,,,,,,,,,,,,,,,https://www.ischool.berkeley.edu/courses/info/018,,,,,,,,,http://catalog2016.byu.edu/physical-and-mathematical-sciences/computer-science/introduction-computer-systems,,,,,,,,,,,,,,,,,,,,,,,https://itunes.apple.com/us/app/true/id454638411?platform=appleWatch&preserveScrollPosition=true,,,,,,,,,,,,,,,,,,,,,,,,,,,,http://nptel.ac.in/syllabus/syllabus.php?subjectId=115103101,,,,,,,,,,,,,,,,,,,,,,,,,,http://www.compe.lehigh.edu/undergraduate/ibe-and-computer-engineering/11-classes/135-cse-2,,,https://acrobat.adobe.com/us/en/acrobat/how-to/merge-combine-pdf-files-online.html,,,,,,,,,,https://www.mcgill.ca/undergraduate-admissions/statistics-and-computer-science,,,,,,,,,,,,,,,,,,,,,,,,,,,,,https://ou.mymajors.com/career/computer-hardware-engineers/,,,,,,,,,,http://www.ico.org.uk/for_organisations/data_protection/the_guide/key_definitions.aspx,https://courses.rice.edu/admweb/!SWKSCAT.cat?p_action=COURSE&p_term=201710&p_crn=13211,,,,,,,,,,,,,,,,,,,,,,,,,,,,,,,,,,,,,,,,,,,,,,,,,,,,,,,,,,,,,,,,,,,https://assistive.usablenet.com/tt/www.eng.ufl.edu/students/resources/computer-requirements/?un_jtt_font_size_perc=2.08,,,,,,,,,,,,,,,,,,,,,,,,,,,,,,,,,,,,,,,,,,,,,,,,,,,,,,,,,,,,,,,,,,,,,,,,,,,,,,,,,,,,,,,,,,,,,http://ocw.mit.edu/courses/electrical-engineering-and-computer-science/6-189-a-gentle-introduction-to-programming-using-python-january-iap-2011/index.htm,,,,https://catalog.utdallas.edu/2017/undergraduate/courses/school/jsom/makepdf,,,,http://complit.utoronto.ca/2017-2018-course-descriptions/?ajaxCalendar=1&mo=2&yr=2018,,,,,,,,,,,,,,,,,,,,,,,,,
12,,,,,,,,,https://cse.ucsd.edu/undergraduate/undergraduate-courses/cse-undergraduate-course-descriptions/cse-undergraduate-course,,,,,,,,,,,,,,,,,,,,https://www.ischool.berkeley.edu/courses/info/2017/summer,,,,,,,,,http://catalog2016.byu.edu/engineering-and-technology/school-of-technology/introduction-computer-systems,,,,,,,,,,,,,,,,,,,,,,,https://afterschoolapp.com/privacy,,,,,,,,,,,,,,,,,,,,,,,,,,,,http://nptel.ac.in/syllabus/syllabus.php?subjectId=115103102,,,,,,,,,,,,,,,,,,,,,,,,,,http://catalog.lehigh.edu/coursesprogramsandcurricula/engineeringandappliedscience/computerscienceandengineering/,,,https://acrobat.adobe.com/us/en/acrobat/how-to/convert-html-to-pdf.html,,,,,,,,,,https://www.mcgill.ca/study/2017-2018/faculties/science/undergraduate/programs/bachelor-science-bsc-major-statistics-and-computer-science,,,,,,,,,,,,,,,,,,,,,,,,,,,,,,,,,,,,,,,https://www.hesa.ac.uk/about/regulation/data-protection/notices,https://courses.rice.edu/admweb/!SWKSCAT.cat?p_action=COURSE&p_term=201710&p_crn=10741,,,,,,,,,,,,,,,,,,,,,,,,,,,,,,,,,,,,,,,,,,,,,,,,,,,,,,,,,,,,,,,,,,,https://assistive.usablenet.com/tt/www.eng.ufl.edu/students/resources/computer-requirements/?un_jtt_font_size_perc=2.50,,,,,,,,,,,,,,,,,,,,,,,,,,,,,,,,,,,,,,,,,,,,,,,,,,,,,,,,,,,,,,,,,,,,,,,,,,,,,,,,,,,,,,,,,,,,,http://ocw.mit.edu/courses/electrical-engineering-and-computer-science/6-189-a-gentle-introduction-to-programming-using-python-january-iap-2011/calendar,,,,https://catalog.utdallas.edu/2017/undergraduate/courses/school/jsom/makeword,,,,http://complit.utoronto.ca/2017-2018-course-descriptions/?ajaxCalendar=1&mo=4&yr=2018,,,,,,,,,,,,,,,,,,,,,,,,,
13,,,,,,,,,,,,,,,,,,,,,,,,,,,,,https://www.ischool.berkeley.edu/courses/info/2017/spring,,,,,,,,,http://catalog2016.byu.edu/engineering-and-technology/school-of-technology/computer-architecture-and-organization,,,,,,,,,,,,,,,,,,,,,,,https://afterschoolapp.com/safety/,,,,,,,,,,,,,,,,,,,,,,,,,,,,http://nptel.ac.in/syllabus/syllabus.php?subjectId=108108111,,,,,,,,,,,,,,,,,,,,,,,,,,,,,https://acrobat.adobe.com/us/en/acrobat/pricing.html?trackingid=98SH4S9J,,,,,,,,,,https://www.mcgill.ca/undergraduate-admissions/fr/physics-and-computer-science,,,,,,,,,,,,,,,,,,,,,,,,,,,,,,,,,,,,,,,,,,,,,,,,,,,,,,,,,,,,,,,,,,,,,,,,,,,,,,,,,,,,,,,,,,,,,,,,,,,,,,,,,,,https://assistive.usablenet.com/tt/www.eng.ufl.edu/students/resources/computer-requirements/?un_jtt_font_size_perc=3.00,,,,,,,,,,,,,,,,,,,,,,,,,,,,,,,,,,,,,,,,,,,,,,,,,,,,,,,,,,,,,,,,,,,,,,,,,,,,,,,,,,,,,,,,,,,,,http://ocw.mit.edu/courses/electrical-engineering-and-computer-science/6-189-a-gentle-introduction-to-programming-using-python-january-iap-2011/readings,,,,https://catalog.utdallas.edu/2017/undergraduate/courses/school/jsom/makeprint,,,,http://complit.utoronto.ca/2017-2018-course-descriptions/?ajaxCalendar=1&mo=11&yr=2017,,,,,,,,,,,,,,,,,,,,,,,,,
14,,,,,,,,,,,,,,,,,,,,,,,,,,,,,,,,,,,,,,http://catalog2016.byu.edu/engineering-and-technology/electrical-and-computer-engineering/introduction-embedded-system,,,,,,,,,,,,,,,,,,,,,,,http://afterschoolapp.com/safety/,,,,,,,,,,,,,,,,,,,,,,,,,,,,http://nptel.ac.in/syllabus/syllabus.php?subjectId=108106106,,,,,,,,,,,,,,,,,,,,,,,,,,,,,https://helpx.adobe.com/acrobat/kb/download-install-trial.html,,,,,,,,,,https://www.mcgill.ca/undergraduate-admissions/fr/computer-engineering,,,,,,,,,,,,,,,,,,,,,,,,,,,,,,,,,,,,,,,,,,,,,,,,,,,,,,,,,,,,,,,,,,,,,,,,,,,,,,,,,,,,,,,,,,,,,,,,,,,,,,,,,,,https://assistive.usablenet.com/tt/www.eng.ufl.edu/students/resources/computer-requirements/?un_jtt_font_size_perc=3.60,,,,,,,,,,,,,,,,,,,,,,,,,,,,,,,,,,,,,,,,,,,,,,,,,,,,,,,,,,,,,,,,,,,,,,,,,,,,,,,,,,,,,,,,,,,,,http://ocw.mit.edu/courses/electrical-engineering-and-computer-science/6-01sc-introduction-to-electrical-engineering-and-computer-science-i-spring-2011/unit-1-software-engineering/object-oriented-programming,,,,https://catalog.utdallas.edu/2017/undergraduate/courses/school/nsm/makepdf,,,,http://complit.utoronto.ca/2017-2018-course-descriptions/?ajaxCalendar=1&mo=5&yr=2018,,,,,,,,,,,,,,,,,,,,,,,,,
15,,,,,,,,,,,,,,,,,,,,,,,,,,,,,,,,,,,,,,http://catalog2016.byu.edu/physical-and-mathematical-sciences/computer-science/discrete-structures,,,,,,,,,,,,,,,,,,,,,,,https://algorithmia.com/algorithms/datadotworld/query/docs,,,,,,,,,,,,,,,,,,,,,,,,,,,,http://nptel.ac.in/syllabus/syllabus.php?subjectId=108108110,,,,,,,,,,,,,,,,,,,,,,,,,,,,,http://www.adobe.com/legal/terms.html,,,,,,,,,,https://www.mcgill.ca/study/2017-2018/faculties/engineering/undergraduate/programs/bachelor-engineering-beng-computer-engineering,,,,,,,,,,,,,,,,,,,,,,,,,,,,,,,,,,,,,,,,,,,,,,,,,,,,,,,,,,,,,,,,,,,,,,,,,,,,,,,,,,,,,,,,,,,,,,,,,,,,,,,,,,,https://assistive.usablenet.com/tt/www.eng.ufl.edu/students/resources/computer-requirements/?un_jtt_font_size_perc=4.32,,,,,,,,,,,,,,,,,,,,,,,,,,,,,,,,,,,,,,,,,,,,,,,,,,,,,,,,,,,,,,,,,,,,,,,,,,,,,,,,,,,,,,,,,,,,,http://ocw.mit.edu/courses/electrical-engineering-and-computer-science/6-189-a-gentle-introduction-to-programming-using-python-january-iap-2011/lectures,,,,https://catalog.utdallas.edu/2017/undergraduate/courses/school/is/makepdf,,,,http://complit.utoronto.ca/2017-2018-course-descriptions/?ajaxCalendar=1&mo=10&yr=2017,,,,,,,,,,,,,,,,,,,,,,,,,
16,,,,,,,,,,,,,,,,,,,,,,,,,,,,,,,,,,,,,,http://catalog2016.byu.edu/physical-and-mathematical-sciences/computer-science/large-scale-distributed-system-design,,,,,,,,,,,,,,,,,,,,,,,,,,,,,,,,,,,,,,,,,,,,,,,,,,,http://nptel.ac.in/syllabus/syllabus.php?subjectId=108108109,,,,,,,,,,,,,,,,,,,,,,,,,,,,,http://www.adobe.com/go/softwareterms,,,,,,,,,,https://www.mcgill.ca/undergraduate-admissions/fr/computer-science-faculty-science,,,,,,,,,,,,,,,,,,,,,,,,,,,,,,,,,,,,,,,,,,,,,,,,,,,,,,,,,,,,,,,,,,,,,,,,,,,,,,,,,,,,,,,,,,,,,,,,,,,,,,,,,,,https://assistive.usablenet.com/tt/www.eng.ufl.edu/students/resources/computer-requirements/?un_jtt_font_size_perc=5.18,,,,,,,,,,,,,,,,,,,,,,,,,,,,,,,,,,,,,,,,,,,,,,,,,,,,,,,,,,,,,,,,,,,,,,,,,,,,,,,,,,,,,,,,,,,,,http://ocw.mit.edu/courses/electrical-engineering-and-computer-science/6-189-a-gentle-introduction-to-programming-using-python-january-iap-2011/assignments,,,,,,,,http://complit.utoronto.ca/2017-2018-course-descriptions/?ajaxCalendar=1&mo=6&yr=2018,,,,,,,,,,,,,,,,,,,,,,,,,
17,,,,,,,,,,,,,,,,,,,,,,,,,,,,,,,,,,,,,,http://catalog2016.byu.edu/engineering-and-technology/electrical-and-computer-engineering/fundamentals-of-digital-systems,,,,,,,,,,,,,,,,,,,,,,,,,,,,,,,,,,,,,,,,,,,,,,,,,,,http://nptel.ac.in/syllabus/syllabus.php?subjectId=108103108,,,,,,,,,,,,,,,,,,,,,,,,,,,,,https://www.adobe.com/data-analytics-cloud/audience-manager/capabilities.html?promoid=NC5FRPZR&mv=other,,,,,,,,,,https://www.mcgill.ca/study/2017-2018/faculties/science/undergraduate/programs/bachelor-science-bsc-minor-computer-science,,,,,,,,,,,,,,,,,,,,,,,,,,,,,,,,,,,,,,,,,,,,,,,,,,,,,,,,,,,,,,,,,,,,,,,,,,,,,,,,,,,,,,,,,,,,,,,,,,,,,,,,,,,https://assistive.usablenet.com/tt/www.eng.ufl.edu/students/resources/computer-requirements/?un_jtt_font_size_perc=6.22,,,,,,,,,,,,,,,,,,,,,,,,,,,,,,,,,,,,,,,,,,,,,,,,,,,,,,,,,,,,,,,,,,,,,,,,,,,,,,,,,,,,,,,,,,,,,http://ocw.mit.edu/courses/electrical-engineering-and-computer-science/6-092-introduction-to-programming-in-java-january-iap-2010/index.htm,,,,,,,,http://complit.utoronto.ca/2017-2018-course-descriptions/?ajaxCalendar=1&mo=9&yr=2017,,,,,,,,,,,,,,,,,,,,,,,,,
18,,,,,,,,,,,,,,,,,,,,,,,,,,,,,,,,,,,,,,http://catalog2016.byu.edu/physical-and-mathematical-sciences/computer-science/interactive-graphics-and-image-processing,,,,,,,,,,,,,,,,,,,,,,,,,,,,,,,,,,,,,,,,,,,,,,,,,,,http://nptel.ac.in/syllabus/syllabus.php?subjectId=108106105,,,,,,,,,,,,,,,,,,,,,,,,,,,,,https://acrobat.adobe.com/us/en/acrobat/pricing.html,,,,,,,,,,https://www.mcgill.ca/study/2017-2018/faculties/science/undergraduate/programs/bachelor-science-bsc-honours-computer-science,,,,,,,,,,,,,,,,,,,,,,,,,,,,,,,,,,,,,,,,,,,,,,,,,,,,,,,,,,,,,,,,,,,,,,,,,,,,,,,,,,,,,,,,,,,,,,,,,,,,,,,,,,,https://assistive.usablenet.com/tt/www.eng.ufl.edu/students/resources/computer-requirements/?un_jtt_font_size_perc=7.46,,,,,,,,,,,,,,,,,,,,,,,,,,,,,,,,,,,,,,,,,,,,,,,,,,,,,,,,,,,,,,,,,,,,,,,,,,,,,,,,,,,,,,,,,,,,,http://ocw.mit.edu/courses/electrical-engineering-and-computer-science/6-092-introduction-to-programming-in-java-january-iap-2010/lecture-notes,,,,,,,,http://complit.utoronto.ca/2017-2018-course-descriptions/?ajaxCalendar=1&mo=7&yr=2018,,,,,,,,,,,,,,,,,,,,,,,,,
19,,,,,,,,,,,,,,,,,,,,,,,,,,,,,,,,,,,,,,http://catalog2016.byu.edu/physical-and-mathematical-sciences/computer-science/introduction-user-interface-software,,,,,,,,,,,,,,,,,,,,,,,,,,,,,,,,,,,,,,,,,,,,,,,,,,,http://nptel.ac.in/syllabus/121106014/,,,,,,,,,,,,,,,,,,,,,,,,,,,,,https://www.adobe.com/legal/terms.html,,,,,,,,,,https://www.mcgill.ca/undergraduate-admissions/fr/mathematics-and-computer-science-faculty-science,,,,,,,,,,,,,,,,,,,,,,,,,,,,,,,,,,,,,,,,,,,,,,,,,,,,,,,,,,,,,,,,,,,,,,,,,,,,,,,,,,,,,,,,,,,,,,,,,,,,,,,,,,,https://assistive.usablenet.com/tt/www.eng.ufl.edu/students/resources/computer-requirements/?un_jtt_font_size_perc=8.95,,,,,,,,,,,,,,,,,,,,,,,,,,,,,,,,,,,,,,,,,,,,,,,,,,,,,,,,,,,,,,,,,,,,,,,,,,,,,,,,,,,,,,,,,,,,,http://ocw.mit.edu/courses/electrical-engineering-and-computer-science/6-092-introduction-to-programming-in-java-january-iap-2010/assignments,,,,,,,,,,,,,,,,,,,,,,,,,,,,,,,,,
20,,,,,,,,,,,,,,,,,,,,,,,,,,,,,,,,,,,,,,http://catalog2016.byu.edu/physical-and-mathematical-sciences/computer-science/computer-graphics,,,,,,,,,,,,,,,,,,,,,,,,,,,,,,,,,,,,,,,,,,,,,,,,,,,http://nptel.ac.in/syllabus/115102103/,,,,,,,,,,,,,,,,,,,,,,,,,,,,,https://helpx.adobe.com/support/acrobat.html,,,,,,,,,,https://www.mcgill.ca/study/2017-2018/faculties/science/undergraduate/programs/bachelor-science-bsc-joint-honours-mathematics-and-computer-science,,,,,,,,,,,,,,,,,,,,,,,,,,,,,,,,,,,,,,,,,,,,,,,,,,,,,,,,,,,,,,,,,,,,,,,,,,,,,,,,,,,,,,,,,,,,,,,,,,,,,,,,,,,https://assistive.usablenet.com/tt/www.eng.ufl.edu/students/resources/computer-requirements/?un_jtt_font_size_perc=10.74,,,,,,,,,,,,,,,,,,,,,,,,,,,,,,,,,,,,,,,,,,,,,,,,,,,,,,,,,,,,,,,,,,,,,,,,,,,,,,,,,,,,,,,,,,,,,http://ocw.mit.edu/courses/electrical-engineering-and-computer-science/6-092-introduction-to-programming-in-java-january-iap-2010/related-resources,,,,,,,,,,,,,,,,,,,,,,,,,,,,,,,,,
21,,,,,,,,,,,,,,,,,,,,,,,,,,,,,,,,,,,,,,,,,,,,,,,,,,,,,,,,,,,,,,,,,,,,,,,,,,,,,,,,,,,,,,,,,http://nptel.ac.in/syllabus/115103101/,,,,,,,,,,,,,,,,,,,,,,,,,,,,,https://acrobat.adobe.com/us/en/landing/tt/pricing-individual.html?promoid=NV3KR6LD&mv=other,,,,,,,,,,https://www.mcgill.ca/undergraduate-admissions/fr/statistics-and-computer-science,,,,,,,,,,,,,,,,,,,,,,,,,,,,,,,,,,,,,,,,,,,,,,,,,,,,,,,,,,,,,,,,,,,,,,,,,,,,,,,,,,,,,,,,,,,,,,,,,,,,,,,,,,,https://assistive.usablenet.com/tt/www.eng.ufl.edu/students/resources/computer-requirements/?un_jtt_font_size_perc=12.89,,,,,,,,,,,,,,,,,,,,,,,,,,,,,,,,,,,,,,,,,,,,,,,,,,,,,,,,,,,,,,,,,,,,,,,,,,,,,,,,,,,,,,,,,,,,,http://ocw.mit.edu/courses/electrical-engineering-and-computer-science/6-092-introduction-to-programming-in-java-january-iap-2010/download-course-materials,,,,,,,,,,,,,,,,,,,,,,,,,,,,,,,,,
22,,,,,,,,,,,,,,,,,,,,,,,,,,,,,,,,,,,,,,,,,,,,,,,,,,,,,,,,,,,,,,,,,,,,,,,,,,,,,,,,,,,,,,,,,http://nptel.ac.in/syllabus/115103102/,,,,,,,,,,,,,,,,,,,,,,,,,,,,,https://helpx.adobe.com/creative-cloud/help/download-install-new-computer.html,,,,,,,,,,https://www.mcgill.ca/study/2017-2018/faculties/science/undergraduate/programs/bachelor-science-bsc-honours-statistics-and-computer-science,,,,,,,,,,,,,,,,,,,,,,,,,,,,,,,,,,,,,,,,,,,,,,,,,,,,,,,,,,,,,,,,,,,,,,,,,,,,,,,,,,,,,,,,,,,,,,,,,,,,,,,,,,,https://assistive.usablenet.com/tt/www.eng.ufl.edu/students/resources/computer-requirements/?un_jtt_font_size_perc=15.47,,,,,,,,,,,,,,,,,,,,,,,,,,,,,,,,,,,,,,,,,,,,,,,,,,,,,,,,,,,,,,,,,,,,,,,,,,,,,,,,,,,,,,,,,,,,,http://ocw.mit.edu/courses/electrical-engineering-and-computer-science/6-00sc-introduction-to-computer-science-and-programming-spring-2011,,,,,,,,,,,,,,,,,,,,,,,,,,,,,,,,,
23,,,,,,,,,,,,,,,,,,,,,,,,,,,,,,,,,,,,,,,,,,,,,,,,,,,,,,,,,,,,,,,,,,,,,,,,,,,,,,,,,,,,,,,,,http://nptel.ac.in/syllabus/108108111/,,,,,,,,,,,,,,,,,,,,,,,,,,,,,https://helpx.adobe.com/acrobat/kb/download-install-acrobat-subscription.html,,,,,,,,,,,,,,,,,,,,,,,,,,,,,,,,,,,,,,,,,,,,,,,,,,,,,,,,,,,,,,,,,,,,,,,,,,,,,,,,,,,,,,,,,,,,,,,,,,,,,,,,,,,,,,,,,,,,,https://assistive.usablenet.com/tt/www.eng.ufl.edu/students/resources/computer-requirements/?un_jtt_font_size_perc=18.56,,,,,,,,,,,,,,,,,,,,,,,,,,,,,,,,,,,,,,,,,,,,,,,,,,,,,,,,,,,,,,,,,,,,,,,,,,,,,,,,,,,,,,,,,,,,,http://ocw.mit.edu/courses/electrical-engineering-and-computer-science/6-00sc-introduction-to-computer-science-and-programming-spring-2011/syllabus,,,,,,,,,,,,,,,,,,,,,,,,,,,,,,,,,
24,,,,,,,,,,,,,,,,,,,,,,,,,,,,,,,,,,,,,,,,,,,,,,,,,,,,,,,,,,,,,,,,,,,,,,,,,,,,,,,,,,,,,,,,,http://nptel.ac.in/syllabus/108106106/,,,,,,,,,,,,,,,,,,,,,,,,,,,,,https://helpx.adobe.com/x-productkb/policy-pricing/activate-deactivate-products.html,,,,,,,,,,,,,,,,,,,,,,,,,,,,,,,,,,,,,,,,,,,,,,,,,,,,,,,,,,,,,,,,,,,,,,,,,,,,,,,,,,,,,,,,,,,,,,,,,,,,,,,,,,,,,,,,,,,,,,,,,,,,,,,,,,,,,,,,,,,,,,,,,,,,,,,,,,,,,,,,,,,,,,,,,,,,,,,,,,,,,,,,,,,,,,,,,,,,,,,,,,,,,,,,,,http://ocw.mit.edu/courses/electrical-engineering-and-computer-science/6-00sc-introduction-to-computer-science-and-programming-spring-2011/unit-2/lecture-18-optimization-problems-and-algorithms,,,,,,,,,,,,,,,,,,,,,,,,,,,,,,,,,
25,,,,,,,,,,,,,,,,,,,,,,,,,,,,,,,,,,,,,,,,,,,,,,,,,,,,,,,,,,,,,,,,,,,,,,,,,,,,,,,,,,,,,,,,,http://nptel.ac.in/syllabus/108108110/,,,,,,,,,,,,,,,,,,,,,,,,,,,,,https://helpx.adobe.com/x-productkb/global/find-your-serial-number.html,,,,,,,,,,,,,,,,,,,,,,,,,,,,,,,,,,,,,,,,,,,,,,,,,,,,,,,,,,,,,,,,,,,,,,,,,,,,,,,,,,,,,,,,,,,,,,,,,,,,,,,,,,,,,,,,,,,,,,,,,,,,,,,,,,,,,,,,,,,,,,,,,,,,,,,,,,,,,,,,,,,,,,,,,,,,,,,,,,,,,,,,,,,,,,,,,,,,,,,,,,,,,,,,,,http://ocw.mit.edu/courses/electrical-engineering-and-computer-science/6-00sc-introduction-to-computer-science-and-programming-spring-2011/Syllabus/,,,,,,,,,,,,,,,,,,,,,,,,,,,,,,,,,
26,,,,,,,,,,,,,,,,,,,,,,,,,,,,,,,,,,,,,,,,,,,,,,,,,,,,,,,,,,,,,,,,,,,,,,,,,,,,,,,,,,,,,,,,,http://nptel.ac.in/syllabus/108108109/,,,,,,,,,,,,,,,,,,,,,,,,,,,,,https://helpx.adobe.com/x-productkb/global/account-password-sign-help.html,,,,,,,,,,,,,,,,,,,,,,,,,,,,,,,,,,,,,,,,,,,,,,,,,,,,,,,,,,,,,,,,,,,,,,,,,,,,,,,,,,,,,,,,,,,,,,,,,,,,,,,,,,,,,,,,,,,,,,,,,,,,,,,,,,,,,,,,,,,,,,,,,,,,,,,,,,,,,,,,,,,,,,,,,,,,,,,,,,,,,,,,,,,,,,,,,,,,,,,,,,,,,,,,,,http://ocw.mit.edu/courses/electrical-engineering-and-computer-science/6-00sc-introduction-to-computer-science-and-programming-spring-2011/software,,,,,,,,,,,,,,,,,,,,,,,,,,,,,,,,,
27,,,,,,,,,,,,,,,,,,,,,,,,,,,,,,,,,,,,,,,,,,,,,,,,,,,,,,,,,,,,,,,,,,,,,,,,,,,,,,,,,,,,,,,,,http://nptel.ac.in/syllabus/108103108/,,,,,,,,,,,,,,,,,,,,,,,,,,,,,https://helpx.adobe.com/support/document-cloud.html?promoid=D8F91SSG&mv=other,,,,,,,,,,,,,,,,,,,,,,,,,,,,,,,,,,,,,,,,,,,,,,,,,,,,,,,,,,,,,,,,,,,,,,,,,,,,,,,,,,,,,,,,,,,,,,,,,,,,,,,,,,,,,,,,,,,,,,,,,,,,,,,,,,,,,,,,,,,,,,,,,,,,,,,,,,,,,,,,,,,,,,,,,,,,,,,,,,,,,,,,,,,,,,,,,,,,,,,,,,,,,,,,,,http://ocw.mit.edu/courses/electrical-engineering-and-computer-science/6-00sc-introduction-to-computer-science-and-programming-spring-2011/unit-1/lecture-5-objects-in-python,,,,,,,,,,,,,,,,,,,,,,,,,,,,,,,,,
28,,,,,,,,,,,,,,,,,,,,,,,,,,,,,,,,,,,,,,,,,,,,,,,,,,,,,,,,,,,,,,,,,,,,,,,,,,,,,,,,,,,,,,,,,http://nptel.ac.in/syllabus/108106105/,,,,,,,,,,,,,,,,,,,,,,,,,,,,,https://acrobat.adobe.com/us/en/acrobat.html?promoid=C12Y324S&mv=other,,,,,,,,,,,,,,,,,,,,,,,,,,,,,,,,,,,,,,,,,,,,,,,,,,,,,,,,,,,,,,,,,,,,,,,,,,,,,,,,,,,,,,,,,,,,,,,,,,,,,,,,,,,,,,,,,,,,,,,,,,,,,,,,,,,,,,,,,,,,,,,,,,,,,,,,,,,,,,,,,,,,,,,,,,,,,,,,,,,,,,,,,,,,,,,,,,,,,,,,,,,,,,,,,,http://ocw.mit.edu/courses/electrical-engineering-and-computer-science/6-00sc-introduction-to-computer-science-and-programming-spring-2011/unit-2/lecture-13-some-basic-probability-and-plotting-data,,,,,,,,,,,,,,,,,,,,,,,,,,,,,,,,,
29,,,,,,,,,,,,,,,,,,,,,,,,,,,,,,,,,,,,,,,,,,,,,,,,,,,,,,,,,,,,,,,,,,,,,,,,,,,,,,,,,,,,,,,,,http://www.nptel.ac.in/syllabus/syllabus.php?subjectId=121106014,,,,,,,,,,,,,,,,,,,,,,,,,,,,,,,,,,,,,,,,,,,,,,,,,,,,,,,,,,,,,,,,,,,,,,,,,,,,,,,,,,,,,,,,,,,,,,,,,,,,,,,,,,,,,,,,,,,,,,,,,,,,,,,,,,,,,,,,,,,,,,,,,,,,,,,,,,,,,,,,,,,,,,,,,,,,,,,,,,,,,,,,,,,,,,,,,,,,,,,,,,,,,,,,,,,,,,,,,,,,,,,,,,,,,,,,,,,,,,,http://ocw.mit.edu/courses/electrical-engineering-and-computer-science/6-01sc-introduction-to-electrical-engineering-and-computer-science-i-spring-2011/syllabus,,,,,,,,,,,,,,,,,,,,,,,,,,,,,,,,,
